STATION,STATION_NAME,DATE,PRCP,SNWD,SNOW,TMAX,TMIN,AWND,WDF2,WDF5,WSF2,WSF5,PGTM,WT01,WT06,WT02,WT04,WT08,WT03
GHCND:USW00013722,RALEIGH DURHAM INTERNATIONAL AIRPORT NC US,20140101,0,0,0,106,-16,11,200,210,40,58,-9999,-9999,-9999,-9999,-9999,-9999,-9999
GHCND:USW00013722,RALEIGH DURHAM INTERNATIONAL AIRPORT NC US,20140102,84,0,-9999,94,28,12,310,320,58,98,-9999,1,-9999,-9999,-9999,-9999,-9999
GHCND:USW00013722,RALEIGH DURHAM INTERNATIONAL AIRPORT NC US,20140103,0,0,0,61,-55,33,300,310,98,143,-9999,-9999,-9999,-9999,-9999,-9999,-9999
GHCND:USW00013722,RALEIGH DURHAM INTERNATIONAL AIRPORT NC US,20140104,0,0,0,33,-71,10,120,120,36,58,-9999,-9999,-9999,-9999,-9999,-9999,-9999
GHCND:USW00013722,RALEIGH DURHAM INTERNATIONAL AIRPORT NC US,20140105,0,0,0,167,28,22,180,180,72,94,-9999,-9999,-9999,-9999,-9999,-9999,-9999
GHCND:USW00013722,RALEIGH DURHAM INTERNATIONAL AIRPORT NC US,20140106,33,0,0,161,-88,61,220,210,134,174,-9999,1,-9999,-9999,-9999,-9999,-9999
GHCND:USW00013722,RALEIGH DURHAM INTERNATIONAL AIRPORT NC US,20140107,0,0,0,-38,-127,34,300,320,72,112,-9999,-9999,-9999,-9999,-9999,-9999,-9999
GHCND:USW00013722,RALEIGH DURHAM INTERNATIONAL AIRPORT NC US,20140108,0,0,0,61,-93,13,220,210,45,58,-9999,-9999,-9999,-9999,-9999,-9999,-9999
GHCND:USW00013722,RALEIGH DURHAM INTERNATIONAL AIRPORT NC US,20140109,0,0,0,122,-38,11,110,120,40,63,-9999,-9999,-9999,-9999,-9999,-9999,-9999
GHCND:USW00013722,RALEIGH DURHAM INTERNATIONAL AIRPORT NC US,20140110,145,0,0,72,39,16,270,280,45,63,-9999,-9999,-9999,-9999,-9999,-9999,-9999
GHCND:USW00013722,RALEIGH DURHAM INTERNATIONAL AIRPORT NC US,20140111,71,0,0,206,72,46,230,220,268,385,-9999,-9999,-9999,-9999,-9999,-9999,-9999
GHCND:USW00013722,RALEIGH DURHAM INTERNATIONAL AIRPORT NC US,20140112,0,0,0,144,39,26,250,260,72,112,-9999,-9999,-9999,-9999,-9999,-9999,-9999
GHCND:USW00013722,RALEIGH DURHAM INTERNATIONAL AIRPORT NC US,20140113,0,0,0,167,6,32,220,230,94,116,-9999,-9999,-9999,-9999,-9999,-9999,-9999
GHCND:USW00013722,RALEIGH DURHAM INTERNATIONAL AIRPORT NC US,20140114,76,0,0,122,33,13,190,320,54,72,-9999,1,-9999,-9999,-9999,-9999,-9999
GHCND:USW00013722,RALEIGH DURHAM INTERNATIONAL AIRPORT NC US,20140115,0,0,0,150,6,20,180,210,76,107,-9999,-9999,-9999,-9999,-9999,-9999,-9999
GHCND:USW00013722,RALEIGH DURHAM INTERNATIONAL AIRPORT NC US,20140116,18,0,0,67,0,17,270,280,54,76,-9999,-9999,-9999,-9999,-9999,-9999,-9999
GHCND:USW00013722,RALEIGH DURHAM INTERNATIONAL AIRPORT NC US,20140117,0,0,0,133,-16,41,230,230,94,112,-9999,-9999,-9999,-9999,-9999,-9999,-9999
GHCND:USW00013722,RALEIGH DURHAM INTERNATIONAL AIRPORT NC US,20140118,0,0,0,83,-27,30,270,240,76,107,-9999,-9999,-9999,-9999,-9999,-9999,-9999
GHCND:USW00013722,RALEIGH DURHAM INTERNATIONAL AIRPORT NC US,20140119,0,0,0,122,-10,38,240,240,76,116,-9999,-9999,-9999,-9999,-9999,-9999,-9999
GHCND:USW00013722,RALEIGH DURHAM INTERNATIONAL AIRPORT NC US,20140120,0,0,0,178,-10,36,230,230,81,107,-9999,-9999,-9999,-9999,-9999,-9999,-9999
GHCND:USW00013722,RALEIGH DURHAM INTERNATIONAL AIRPORT NC US,20140121,25,0,13,106,-32,22,40,360,76,125,-9999,1,-9999,-9999,-9999,-9999,-9999
GHCND:USW00013722,RALEIGH DURHAM INTERNATIONAL AIRPORT NC US,20140122,0,0,0,-10,-77,20,30,20,58,89,-9999,1,-9999,-9999,-9999,-9999,-9999
GHCND:USW00013722,RALEIGH DURHAM INTERNATIONAL AIRPORT NC US,20140123,0,0,0,33,-88,21,30,10,67,98,-9999,-9999,-9999,-9999,-9999,-9999,-9999
GHCND:USW00013722,RALEIGH DURHAM INTERNATIONAL AIRPORT NC US,20140124,0,0,0,-27,-116,28,10,20,63,103,-9999,-9999,-9999,-9999,-9999,-9999,-9999
GHCND:USW00013722,RALEIGH DURHAM INTERNATIONAL AIRPORT NC US,20140125,0,0,0,44,-77,68,230,230,112,148,-9999,-9999,-9999,-9999,-9999,-9999,-9999
GHCND:USW00013722,RALEIGH DURHAM INTERNATIONAL AIRPORT NC US,20140126,0,0,0,111,-55,38,220,230,89,112,-9999,-9999,-9999,-9999,-9999,-9999,-9999
GHCND:USW00013722,RALEIGH DURHAM INTERNATIONAL AIRPORT NC US,20140127,0,0,0,183,6,43,230,30,81,107,-9999,-9999,-9999,-9999,-9999,-9999,-9999
GHCND:USW00013722,RALEIGH DURHAM INTERNATIONAL AIRPORT NC US,20140128,46,0,30,6,-77,37,80,20,67,103,-9999,1,-9999,-9999,-9999,-9999,-9999
GHCND:USW00013722,RALEIGH DURHAM INTERNATIONAL AIRPORT NC US,20140129,0,30,5,-27,-99,18,10,10,45,67,-9999,1,-9999,-9999,-9999,-9999,-9999
GHCND:USW00013722,RALEIGH DURHAM INTERNATIONAL AIRPORT NC US,20140130,0,30,0,33,-138,8,100,110,54,76,-9999,-9999,-9999,-9999,-9999,-9999,-9999
GHCND:USW00013722,RALEIGH DURHAM INTERNATIONAL AIRPORT NC US,20140131,0,0,0,117,-93,9,220,220,40,58,-9999,-9999,-9999,-9999,-9999,-9999,-9999
GHCND:USW00013722,RALEIGH DURHAM INTERNATIONAL AIRPORT NC US,20140201,0,0,0,150,-43,13,140,150,54,67,-9999,1,-9999,-9999,-9999,-9999,-9999
GHCND:USW00013722,RALEIGH DURHAM INTERNATIONAL AIRPORT NC US,20140202,0,0,0,178,50,36,230,230,81,112,-9999,-9999,-9999,-9999,-9999,-9999,-9999
GHCND:USW00013722,RALEIGH DURHAM INTERNATIONAL AIRPORT NC US,20140203,46,0,0,178,44,43,230,220,94,134,-9999,1,-9999,-9999,-9999,-9999,-9999
GHCND:USW00013722,RALEIGH DURHAM INTERNATIONAL AIRPORT NC US,20140204,122,0,-9999,44,33,34,80,80,72,94,-9999,1,-9999,-9999,-9999,-9999,-9999
GHCND:USW00013722,RALEIGH DURHAM INTERNATIONAL AIRPORT NC US,20140205,15,0,0,117,33,21,240,250,54,89,-9999,-9999,-9999,-9999,-9999,-9999,-9999
GHCND:USW00013722,RALEIGH DURHAM INTERNATIONAL AIRPORT NC US,20140206,0,0,0,56,-5,16,50,330,45,81,-9999,-9999,-9999,-9999,-9999,-9999,-9999
GHCND:USW00013722,RALEIGH DURHAM INTERNATIONAL AIRPORT NC US,20140207,0,0,0,111,17,13,240,220,45,72,-9999,-9999,-9999,-9999,-9999,-9999,-9999
GHCND:USW00013722,RALEIGH DURHAM INTERNATIONAL AIRPORT NC US,20140208,0,0,0,100,11,11,70,90,40,76,-9999,-9999,-9999,-9999,-9999,-9999,-9999
GHCND:USW00013722,RALEIGH DURHAM INTERNATIONAL AIRPORT NC US,20140209,0,0,0,128,-16,14,230,220,67,89,-9999,1,-9999,-9999,-9999,-9999,-9999
GHCND:USW00013722,RALEIGH DURHAM INTERNATIONAL AIRPORT NC US,20140210,20,0,0,61,17,13,30,40,58,72,-9999,1,-9999,-9999,-9999,-9999,-9999
GHCND:USW00013722,RALEIGH DURHAM INTERNATIONAL AIRPORT NC US,20140211,0,0,0,17,-38,32,50,80,63,81,-9999,-9999,-9999,-9999,-9999,-9999,-9999
GHCND:USW00013722,RALEIGH DURHAM INTERNATIONAL AIRPORT NC US,20140212,163,0,84,-10,-49,49,40,50,76,130,-9999,-9999,-9999,-9999,-9999,-9999,-9999
GHCND:USW00013722,RALEIGH DURHAM INTERNATIONAL AIRPORT NC US,20140213,99,30,10,22,-10,30,30,30,72,103,-9999,-9999,-9999,-9999,-9999,-9999,-9999
GHCND:USW00013722,RALEIGH DURHAM INTERNATIONAL AIRPORT NC US,20140214,0,30,0,133,-27,40,220,230,72,89,-9999,-9999,-9999,-9999,-9999,-9999,-9999
GHCND:USW00013722,RALEIGH DURHAM INTERNATIONAL AIRPORT NC US,20140215,69,0,0,72,0,29,290,290,98,161,-9999,1,-9999,-9999,-9999,-9999,-9999
GHCND:USW00013722,RALEIGH DURHAM INTERNATIONAL AIRPORT NC US,20140216,0,0,0,117,-16,20,250,230,72,103,-9999,1,-9999,-9999,-9999,-9999,-9999
GHCND:USW00013722,RALEIGH DURHAM INTERNATIONAL AIRPORT NC US,20140217,0,0,0,72,-21,28,130,130,67,98,-9999,-9999,-9999,-9999,-9999,-9999,-9999
GHCND:USW00013722,RALEIGH DURHAM INTERNATIONAL AIRPORT NC US,20140218,0,0,0,183,17,18,280,270,63,98,-9999,-9999,-9999,-9999,-9999,-9999,-9999
GHCND:USW00013722,RALEIGH DURHAM INTERNATIONAL AIRPORT NC US,20140219,127,0,-9999,222,94,37,240,230,98,125,-9999,-9999,-9999,-9999,-9999,-9999,-9999
GHCND:USW00013722,RALEIGH DURHAM INTERNATIONAL AIRPORT NC US,20140220,0,0,0,222,111,41,200,200,107,134,-9999,-9999,-9999,-9999,-9999,-9999,-9999
GHCND:USW00013722,RALEIGH DURHAM INTERNATIONAL AIRPORT NC US,20140221,102,0,0,228,50,51,250,250,143,183,-9999,-9999,-9999,-9999,-9999,-9999,-9999
GHCND:USW00013722,RALEIGH DURHAM INTERNATIONAL AIRPORT NC US,20140222,0,0,0,178,22,9,240,160,36,45,-9999,1,-9999,-9999,-9999,-9999,-9999
GHCND:USW00013722,RALEIGH DURHAM INTERNATIONAL AIRPORT NC US,20140223,0,0,0,194,11,29,230,220,94,112,-9999,-9999,-9999,-9999,-9999,-9999,-9999
GHCND:USW00013722,RALEIGH DURHAM INTERNATIONAL AIRPORT NC US,20140224,0,0,0,156,33,23,290,280,67,107,-9999,-9999,-9999,-9999,-9999,-9999,-9999
GHCND:USW00013722,RALEIGH DURHAM INTERNATIONAL AIRPORT NC US,20140225,0,0,0,117,-16,14,40,310,45,67,-9999,-9999,-9999,-9999,-9999,-9999,-9999
GHCND:USW00013722,RALEIGH DURHAM INTERNATIONAL AIRPORT NC US,20140226,0,0,0,94,0,16,40,40,45,67,-9999,-9999,-9999,-9999,-9999,-9999,-9999
GHCND:USW00013722,RALEIGH DURHAM INTERNATIONAL AIRPORT NC US,20140227,0,0,0,128,-43,26,230,250,98,116,-9999,-9999,-9999,-9999,-9999,-9999,-9999
GHCND:USW00013722,RALEIGH DURHAM INTERNATIONAL AIRPORT NC US,20140228,0,0,0,72,-32,40,70,80,76,112,-9999,-9999,-9999,-9999,-9999,-9999,-9999
GHCND:USW00013722,RALEIGH DURHAM INTERNATIONAL AIRPORT NC US,20140301,0,0,0,128,-21,15,90,90,54,63,-9999,-9999,-9999,-9999,-9999,-9999,-9999
GHCND:USW00013722,RALEIGH DURHAM INTERNATIONAL AIRPORT NC US,20140302,0,0,0,217,11,37,230,240,98,125,-9999,-9999,-9999,-9999,-9999,-9999,-9999
GHCND:USW00013722,RALEIGH DURHAM INTERNATIONAL AIRPORT NC US,20140303,91,0,5,161,-66,49,30,30,112,165,-9999,-9999,-9999,-9999,-9999,-9999,-9999
GHCND:USW00013722,RALEIGH DURHAM INTERNATIONAL AIRPORT NC US,20140304,0,0,0,33,-88,33,40,30,76,103,-9999,-9999,-9999,-9999,-9999,-9999,-9999
GHCND:USW00013722,RALEIGH DURHAM INTERNATIONAL AIRPORT NC US,20140305,0,0,0,67,-10,18,50,40,45,58,-9999,-9999,-9999,-9999,-9999,-9999,-9999
GHCND:USW00013722,RALEIGH DURHAM INTERNATIONAL AIRPORT NC US,20140306,140,0,0,56,-10,60,40,30,94,134,-9999,-9999,-9999,-9999,-9999,-9999,-9999
GHCND:USW00013722,RALEIGH DURHAM INTERNATIONAL AIRPORT NC US,20140307,437,0,0,22,6,46,40,30,98,143,-9999,-9999,-9999,-9999,-9999,-9999,-9999
GHCND:USW00013722,RALEIGH DURHAM INTERNATIONAL AIRPORT NC US,20140308,0,0,0,200,-27,19,230,240,76,98,-9999,1,-9999,-9999,-9999,-9999,-9999
GHCND:USW00013722,RALEIGH DURHAM INTERNATIONAL AIRPORT NC US,20140309,0,0,0,189,39,15,330,310,58,94,-9999,-9999,-9999,-9999,-9999,-9999,-9999
GHCND:USW00013722,RALEIGH DURHAM INTERNATIONAL AIRPORT NC US,20140310,0,0,0,233,11,24,240,270,72,94,-9999,-9999,-9999,-9999,-9999,-9999,-9999
GHCND:USW00013722,RALEIGH DURHAM INTERNATIONAL AIRPORT NC US,20140311,0,0,0,261,67,23,240,230,72,98,-9999,-9999,-9999,-9999,-9999,-9999,-9999
GHCND:USW00013722,RALEIGH DURHAM INTERNATIONAL AIRPORT NC US,20140312,89,0,0,211,56,58,220,320,130,148,-9999,-9999,-9999,-9999,-9999,-9999,-9999
GHCND:USW00013722,RALEIGH DURHAM INTERNATIONAL AIRPORT NC US,20140313,0,0,0,72,-16,34,300,300,94,157,-9999,-9999,-9999,-9999,-9999,-9999,-9999
GHCND:USW00013722,RALEIGH DURHAM INTERNATIONAL AIRPORT NC US,20140314,0,0,0,156,-43,41,220,220,103,130,-9999,-9999,-9999,-9999,-9999,-9999,-9999
GHCND:USW00013722,RALEIGH DURHAM INTERNATIONAL AIRPORT NC US,20140315,0,0,0,222,78,38,240,250,103,143,-9999,-9999,-9999,-9999,-9999,-9999,-9999
GHCND:USW00013722,RALEIGH DURHAM INTERNATIONAL AIRPORT NC US,20140316,74,0,0,133,22,40,50,50,81,112,-9999,1,-9999,-9999,-9999,-9999,-9999
GHCND:USW00013722,RALEIGH DURHAM INTERNATIONAL AIRPORT NC US,20140317,117,0,0,22,-5,46,50,50,89,112,-9999,-9999,-9999,-9999,-9999,-9999,-9999
GHCND:USW00013722,RALEIGH DURHAM INTERNATIONAL AIRPORT NC US,20140318,23,0,0,28,-10,36,40,10,67,98,-9999,-9999,-9999,-9999,-9999,-9999,-9999
GHCND:USW00013722,RALEIGH DURHAM INTERNATIONAL AIRPORT NC US,20140319,10,0,0,83,17,24,230,230,63,76,-9999,1,-9999,-9999,-9999,-9999,-9999
GHCND:USW00013722,RALEIGH DURHAM INTERNATIONAL AIRPORT NC US,20140320,0,0,0,189,39,24,240,280,76,112,-9999,-9999,-9999,-9999,-9999,-9999,-9999
GHCND:USW00013722,RALEIGH DURHAM INTERNATIONAL AIRPORT NC US,20140321,0,0,0,206,0,24,230,230,76,94,-9999,-9999,-9999,-9999,-9999,-9999,-9999
GHCND:USW00013722,RALEIGH DURHAM INTERNATIONAL AIRPORT NC US,20140322,0,0,0,244,78,36,220,230,81,112,-9999,-9999,-9999,-9999,-9999,-9999,-9999
GHCND:USW00013722,RALEIGH DURHAM INTERNATIONAL AIRPORT NC US,20140323,36,0,0,139,22,22,70,80,89,107,-9999,-9999,-9999,-9999,-9999,-9999,-9999
GHCND:USW00013722,RALEIGH DURHAM INTERNATIONAL AIRPORT NC US,20140324,0,0,0,100,-10,21,60,50,54,67,-9999,1,-9999,-9999,-9999,-9999,-9999
GHCND:USW00013722,RALEIGH DURHAM INTERNATIONAL AIRPORT NC US,20140325,8,0,0,72,6,26,120,320,58,89,-9999,1,-9999,-9999,-9999,-9999,-9999
GHCND:USW00013722,RALEIGH DURHAM INTERNATIONAL AIRPORT NC US,20140326,0,0,0,83,-16,31,280,290,76,125,-9999,-9999,-9999,-9999,-9999,-9999,-9999
GHCND:USW00013722,RALEIGH DURHAM INTERNATIONAL AIRPORT NC US,20140327,0,0,0,150,-43,31,210,220,76,130,-9999,-9999,-9999,-9999,-9999,-9999,-9999
GHCND:USW00013722,RALEIGH DURHAM INTERNATIONAL AIRPORT NC US,20140328,79,0,0,206,67,30,220,230,98,125,-9999,-9999,-9999,-9999,-9999,-9999,-9999
GHCND:USW00013722,RALEIGH DURHAM INTERNATIONAL AIRPORT NC US,20140329,124,0,0,189,133,25,250,270,112,165,-9999,-9999,-9999,-9999,-9999,-9999,-9999
GHCND:USW00013722,RALEIGH DURHAM INTERNATIONAL AIRPORT NC US,20140330,58,0,0,167,56,47,250,270,112,165,-9999,1,-9999,-9999,-9999,-9999,-9999
GHCND:USW00013722,RALEIGH DURHAM INTERNATIONAL AIRPORT NC US,20140331,0,0,0,222,22,18,360,330,58,89,-9999,-9999,-9999,-9999,-9999,-9999,-9999
GHCND:USW00013722,RALEIGH DURHAM INTERNATIONAL AIRPORT NC US,20140401,0,0,0,267,39,12,230,230,72,89,-9999,-9999,-9999,-9999,-9999,-9999,-9999
GHCND:USW00013722,RALEIGH DURHAM INTERNATIONAL AIRPORT NC US,20140402,0,0,0,300,111,28,230,230,81,103,-9999,-9999,-9999,-9999,-9999,-9999,-9999
GHCND:USW00013722,RALEIGH DURHAM INTERNATIONAL AIRPORT NC US,20140403,0,0,0,256,100,22,210,210,54,67,-9999,-9999,-9999,-9999,-9999,1,-9999
GHCND:USW00013722,RALEIGH DURHAM INTERNATIONAL AIRPORT NC US,20140404,0,0,0,278,139,52,230,230,143,165,-9999,-9999,-9999,-9999,-9999,-9999,-9999
GHCND:USW00013722,RALEIGH DURHAM INTERNATIONAL AIRPORT NC US,20140405,0,0,0,217,117,27,350,330,67,94,-9999,-9999,-9999,-9999,-9999,-9999,-9999
GHCND:USW00013722,RALEIGH DURHAM INTERNATIONAL AIRPORT NC US,20140406,0,0,-9999,156,67,43,60,60,81,112,-9999,-9999,-9999,-9999,-9999,-9999,-9999
GHCND:USW00013722,RALEIGH DURHAM INTERNATIONAL AIRPORT NC US,20140407,361,0,-9999,178,61,31,200,200,81,125,-9999,1,-9999,-9999,-9999,-9999,-9999
GHCND:USW00013722,RALEIGH DURHAM INTERNATIONAL AIRPORT NC US,20140408,3,0,0,194,128,30,220,230,98,125,-9999,1,-9999,-9999,-9999,-9999,-9999
GHCND:USW00013722,RALEIGH DURHAM INTERNATIONAL AIRPORT NC US,20140409,18,0,0,200,72,15,340,330,58,94,-9999,1,-9999,-9999,-9999,-9999,-9999
GHCND:USW00013722,RALEIGH DURHAM INTERNATIONAL AIRPORT NC US,20140410,0,0,0,233,44,29,230,210,94,116,-9999,1,-9999,-9999,-9999,-9999,-9999
GHCND:USW00013722,RALEIGH DURHAM INTERNATIONAL AIRPORT NC US,20140411,0,0,0,256,111,60,230,220,130,157,-9999,-9999,-9999,-9999,-9999,-9999,-9999
GHCND:USW00013722,RALEIGH DURHAM INTERNATIONAL AIRPORT NC US,20140412,0,0,0,272,122,32,80,220,72,98,-9999,-9999,-9999,-9999,-9999,-9999,-9999
GHCND:USW00013722,RALEIGH DURHAM INTERNATIONAL AIRPORT NC US,20140413,0,0,0,272,150,50,230,230,81,112,-9999,-9999,-9999,-9999,-9999,-9999,-9999
GHCND:USW00013722,RALEIGH DURHAM INTERNATIONAL AIRPORT NC US,20140414,8,0,0,244,172,48,200,200,98,134,-9999,1,-9999,-9999,-9999,-9999,-9999
GHCND:USW00013722,RALEIGH DURHAM INTERNATIONAL AIRPORT NC US,20140415,335,0,0,217,39,47,280,270,112,165,-9999,-9999,-9999,-9999,-9999,-9999,-9999
GHCND:USW00013722,RALEIGH DURHAM INTERNATIONAL AIRPORT NC US,20140416,0,0,0,122,6,34,40,40,76,112,-9999,-9999,-9999,-9999,-9999,-9999,-9999
GHCND:USW00013722,RALEIGH DURHAM INTERNATIONAL AIRPORT NC US,20140417,0,0,0,178,-5,35,50,130,81,98,-9999,-9999,-9999,-9999,-9999,-9999,-9999
GHCND:USW00013722,RALEIGH DURHAM INTERNATIONAL AIRPORT NC US,20140418,46,0,0,172,33,28,50,50,67,89,-9999,1,-9999,-9999,-9999,-9999,-9999
GHCND:USW00013722,RALEIGH DURHAM INTERNATIONAL AIRPORT NC US,20140419,142,0,0,117,78,40,40,40,72,98,-9999,-9999,-9999,-9999,-9999,-9999,-9999
GHCND:USW00013722,RALEIGH DURHAM INTERNATIONAL AIRPORT NC US,20140420,0,0,0,200,94,55,50,30,107,157,-9999,-9999,-9999,-9999,-9999,-9999,-9999
GHCND:USW00013722,RALEIGH DURHAM INTERNATIONAL AIRPORT NC US,20140421,0,0,0,233,56,16,40,50,54,67,-9999,-9999,-9999,-9999,-9999,-9999,-9999
GHCND:USW00013722,RALEIGH DURHAM INTERNATIONAL AIRPORT NC US,20140422,0,0,0,283,83,26,230,260,76,125,-9999,-9999,-9999,-9999,-9999,-9999,-9999
GHCND:USW00013722,RALEIGH DURHAM INTERNATIONAL AIRPORT NC US,20140423,0,0,0,217,100,27,280,320,72,107,-9999,-9999,-9999,-9999,-9999,-9999,-9999
GHCND:USW00013722,RALEIGH DURHAM INTERNATIONAL AIRPORT NC US,20140424,0,0,0,217,44,17,120,110,58,72,-9999,-9999,-9999,-9999,-9999,-9999,-9999
GHCND:USW00013722,RALEIGH DURHAM INTERNATIONAL AIRPORT NC US,20140425,119,0,0,267,94,30,210,290,107,165,-9999,-9999,-9999,-9999,-9999,-9999,-9999
GHCND:USW00013722,RALEIGH DURHAM INTERNATIONAL AIRPORT NC US,20140426,0,0,0,261,94,30,230,230,89,107,-9999,-9999,-9999,-9999,-9999,-9999,-9999
GHCND:USW00013722,RALEIGH DURHAM INTERNATIONAL AIRPORT NC US,20140427,0,0,0,289,106,23,130,130,72,94,-9999,-9999,-9999,-9999,-9999,-9999,-9999
GHCND:USW00013722,RALEIGH DURHAM INTERNATIONAL AIRPORT NC US,20140428,0,0,0,194,122,31,110,110,67,94,-9999,-9999,-9999,-9999,-9999,-9999,-9999
GHCND:USW00013722,RALEIGH DURHAM INTERNATIONAL AIRPORT NC US,20140429,13,0,0,183,111,31,80,80,58,76,-9999,-9999,-9999,-9999,-9999,-9999,-9999
GHCND:USW00013722,RALEIGH DURHAM INTERNATIONAL AIRPORT NC US,20140430,284,0,0,250,183,49,180,160,107,170,-9999,-9999,-9999,-9999,-9999,-9999,-9999
GHCND:USW00013722,RALEIGH DURHAM INTERNATIONAL AIRPORT NC US,20140501,0,0,0,261,167,61,230,240,125,161,-9999,-9999,-9999,-9999,-9999,-9999,-9999
GHCND:USW00013722,RALEIGH DURHAM INTERNATIONAL AIRPORT NC US,20140502,0,0,0,206,106,21,230,240,63,94,-9999,-9999,-9999,-9999,-9999,-9999,-9999
GHCND:USW00013722,RALEIGH DURHAM INTERNATIONAL AIRPORT NC US,20140503,0,0,0,244,117,26,240,260,76,98,-9999,-9999,-9999,-9999,-9999,-9999,-9999
GHCND:USW00013722,RALEIGH DURHAM INTERNATIONAL AIRPORT NC US,20140504,0,0,0,283,94,25,240,240,89,130,-9999,-9999,-9999,-9999,-9999,-9999,-9999
GHCND:USW00013722,RALEIGH DURHAM INTERNATIONAL AIRPORT NC US,20140505,0,0,0,228,128,26,50,50,76,94,-9999,-9999,-9999,-9999,-9999,-9999,-9999
GHCND:USW00013722,RALEIGH DURHAM INTERNATIONAL AIRPORT NC US,20140506,0,0,0,289,133,17,90,80,45,63,-9999,-9999,-9999,-9999,-9999,-9999,-9999
GHCND:USW00013722,RALEIGH DURHAM INTERNATIONAL AIRPORT NC US,20140507,0,0,0,256,150,16,110,120,54,76,-9999,1,-9999,-9999,-9999,-9999,-9999
GHCND:USW00013722,RALEIGH DURHAM INTERNATIONAL AIRPORT NC US,20140508,0,0,0,317,128,28,230,230,94,116,-9999,1,-9999,-9999,-9999,-9999,-9999
GHCND:USW00013722,RALEIGH DURHAM INTERNATIONAL AIRPORT NC US,20140509,18,0,0,317,172,39,230,230,94,116,-9999,1,-9999,-9999,-9999,-9999,-9999
GHCND:USW00013722,RALEIGH DURHAM INTERNATIONAL AIRPORT NC US,20140510,0,0,0,300,178,40,230,220,103,130,-9999,-9999,-9999,-9999,-9999,-9999,-9999
GHCND:USW00013722,RALEIGH DURHAM INTERNATIONAL AIRPORT NC US,20140511,0,0,0,300,156,10,60,40,40,58,-9999,-9999,-9999,-9999,-9999,-9999,-9999
GHCND:USW00013722,RALEIGH DURHAM INTERNATIONAL AIRPORT NC US,20140512,0,0,0,322,144,12,250,250,63,76,-9999,-9999,-9999,-9999,-9999,-9999,-9999
GHCND:USW00013722,RALEIGH DURHAM INTERNATIONAL AIRPORT NC US,20140513,0,0,0,333,194,26,190,210,54,72,-9999,1,-9999,-9999,-9999,-9999,-9999
GHCND:USW00013722,RALEIGH DURHAM INTERNATIONAL AIRPORT NC US,20140514,0,0,0,317,200,36,160,180,67,98,-9999,-9999,-9999,-9999,-9999,-9999,-9999
GHCND:USW00013722,RALEIGH DURHAM INTERNATIONAL AIRPORT NC US,20140515,859,0,0,261,194,40,150,170,67,139,-9999,-9999,-9999,-9999,-9999,-9999,-9999
GHCND:USW00013722,RALEIGH DURHAM INTERNATIONAL AIRPORT NC US,20140516,46,0,0,228,128,32,260,180,72,116,-9999,1,-9999,-9999,-9999,-9999,-9999
GHCND:USW00013722,RALEIGH DURHAM INTERNATIONAL AIRPORT NC US,20140517,0,0,0,217,83,24,270,320,72,103,-9999,-9999,-9999,-9999,-9999,-9999,-9999
GHCND:USW00013722,RALEIGH DURHAM INTERNATIONAL AIRPORT NC US,20140518,0,0,0,200,78,17,50,40,58,81,-9999,-9999,-9999,-9999,-9999,-9999,-9999
GHCND:USW00013722,RALEIGH DURHAM INTERNATIONAL AIRPORT NC US,20140519,0,0,0,228,72,9,40,130,54,76,-9999,1,-9999,-9999,-9999,-9999,-9999
GHCND:USW00013722,RALEIGH DURHAM INTERNATIONAL AIRPORT NC US,20140520,0,0,0,261,100,36,230,230,94,112,-9999,-9999,-9999,-9999,-9999,-9999,-9999
GHCND:USW00013722,RALEIGH DURHAM INTERNATIONAL AIRPORT NC US,20140521,0,0,0,306,156,35,240,250,72,94,-9999,-9999,-9999,-9999,-9999,-9999,-9999
GHCND:USW00013722,RALEIGH DURHAM INTERNATIONAL AIRPORT NC US,20140522,0,0,0,311,178,21,260,270,63,89,-9999,-9999,-9999,-9999,-9999,-9999,-9999
GHCND:USW00013722,RALEIGH DURHAM INTERNATIONAL AIRPORT NC US,20140523,0,0,0,278,172,16,300,280,58,98,-9999,-9999,-9999,-9999,-9999,-9999,-9999
GHCND:USW00013722,RALEIGH DURHAM INTERNATIONAL AIRPORT NC US,20140524,0,0,0,261,117,15,30,40,45,72,-9999,-9999,-9999,-9999,-9999,-9999,-9999
GHCND:USW00013722,RALEIGH DURHAM INTERNATIONAL AIRPORT NC US,20140525,0,0,0,278,122,11,240,240,45,63,-9999,-9999,-9999,-9999,-9999,-9999,-9999
GHCND:USW00013722,RALEIGH DURHAM INTERNATIONAL AIRPORT NC US,20140526,23,0,0,306,161,39,230,230,76,112,-9999,1,-9999,-9999,-9999,-9999,-9999
GHCND:USW00013722,RALEIGH DURHAM INTERNATIONAL AIRPORT NC US,20140527,56,0,0,322,189,26,300,280,112,183,-9999,-9999,-9999,-9999,-9999,-9999,-9999
GHCND:USW00013722,RALEIGH DURHAM INTERNATIONAL AIRPORT NC US,20140528,0,0,0,322,178,17,70,70,67,89,-9999,1,-9999,-9999,-9999,-9999,-9999
GHCND:USW00013722,RALEIGH DURHAM INTERNATIONAL AIRPORT NC US,20140529,20,0,0,244,183,26,80,80,58,76,-9999,-9999,-9999,-9999,-9999,-9999,-9999
GHCND:USW00013722,RALEIGH DURHAM INTERNATIONAL AIRPORT NC US,20140530,0,0,0,233,172,21,50,120,58,81,-9999,1,-9999,-9999,-9999,-9999,-9999
GHCND:USW00013722,RALEIGH DURHAM INTERNATIONAL AIRPORT NC US,20140531,0,0,0,278,172,23,50,40,67,94,-9999,1,-9999,-9999,-9999,-9999,-9999
GHCND:USW00013722,RALEIGH DURHAM INTERNATIONAL AIRPORT NC US,20140601,0,0,0,256,117,25,120,90,63,98,-9999,-9999,-9999,-9999,-9999,-9999,-9999
GHCND:USW00013722,RALEIGH DURHAM INTERNATIONAL AIRPORT NC US,20140602,0,0,0,283,111,10,250,300,45,76,-9999,-9999,-9999,-9999,-9999,-9999,-9999
GHCND:USW00013722,RALEIGH DURHAM INTERNATIONAL AIRPORT NC US,20140603,13,0,0,317,139,18,230,330,63,81,-9999,1,-9999,-9999,-9999,-9999,-9999
GHCND:USW00013722,RALEIGH DURHAM INTERNATIONAL AIRPORT NC US,20140604,5,0,0,333,183,21,20,20,98,179,-9999,-9999,-9999,-9999,-9999,-9999,-9999
GHCND:USW00013722,RALEIGH DURHAM INTERNATIONAL AIRPORT NC US,20140605,0,0,0,328,222,34,230,270,81,116,-9999,-9999,-9999,-9999,-9999,-9999,-9999
GHCND:USW00013722,RALEIGH DURHAM INTERNATIONAL AIRPORT NC US,20140606,0,0,0,283,200,26,80,130,54,72,-9999,-9999,-9999,-9999,-9999,-9999,-9999
GHCND:USW00013722,RALEIGH DURHAM INTERNATIONAL AIRPORT NC US,20140607,0,0,0,294,167,13,80,80,40,58,-9999,1,-9999,-9999,-9999,-9999,-9999
GHCND:USW00013722,RALEIGH DURHAM INTERNATIONAL AIRPORT NC US,20140608,0,0,0,306,183,38,230,190,72,103,-9999,-9999,-9999,-9999,-9999,-9999,-9999
GHCND:USW00013722,RALEIGH DURHAM INTERNATIONAL AIRPORT NC US,20140609,74,0,0,322,206,17,320,300,63,81,-9999,-9999,-9999,-9999,-9999,-9999,-9999
GHCND:USW00013722,RALEIGH DURHAM INTERNATIONAL AIRPORT NC US,20140610,0,0,0,344,200,15,230,240,58,81,-9999,1,-9999,-9999,-9999,-9999,-9999
GHCND:USW00013722,RALEIGH DURHAM INTERNATIONAL AIRPORT NC US,20140611,147,0,0,344,200,21,200,190,143,197,-9999,-9999,-9999,-9999,-9999,-9999,-9999
GHCND:USW00013722,RALEIGH DURHAM INTERNATIONAL AIRPORT NC US,20140612,20,0,0,294,206,16,210,200,54,67,-9999,-9999,-9999,-9999,-9999,-9999,-9999
GHCND:USW00013722,RALEIGH DURHAM INTERNATIONAL AIRPORT NC US,20140613,107,0,0,311,194,19,360,350,81,112,-9999,-9999,-9999,-9999,-9999,-9999,-9999
GHCND:USW00013722,RALEIGH DURHAM INTERNATIONAL AIRPORT NC US,20140614,0,0,0,300,156,13,30,40,58,76,-9999,1,-9999,-9999,-9999,-9999,-9999
GHCND:USW00013722,RALEIGH DURHAM INTERNATIONAL AIRPORT NC US,20140615,0,0,0,306,144,13,210,130,40,63,-9999,-9999,-9999,-9999,-9999,-9999,-9999
GHCND:USW00013722,RALEIGH DURHAM INTERNATIONAL AIRPORT NC US,20140616,20,0,0,350,206,19,250,240,67,89,-9999,-9999,-9999,-9999,-9999,-9999,-9999
GHCND:USW00013722,RALEIGH DURHAM INTERNATIONAL AIRPORT NC US,20140617,0,0,0,356,211,32,220,210,81,103,-9999,-9999,-9999,-9999,-9999,-9999,1
GHCND:USW00013722,RALEIGH DURHAM INTERNATIONAL AIRPORT NC US,20140618,0,0,0,361,211,33,240,250,81,98,-9999,-9999,-9999,-9999,-9999,-9999,-9999
GHCND:USW00013722,RALEIGH DURHAM INTERNATIONAL AIRPORT NC US,20140619,69,0,0,361,211,27,280,280,139,210,-9999,-9999,-9999,-9999,-9999,-9999,-9999
GHCND:USW00013722,RALEIGH DURHAM INTERNATIONAL AIRPORT NC US,20140620,163,0,0,328,200,12,120,300,76,98,-9999,-9999,-9999,-9999,-9999,-9999,-9999
GHCND:USW00013722,RALEIGH DURHAM INTERNATIONAL AIRPORT NC US,20140621,0,0,0,328,200,16,110,140,67,89,-9999,-9999,-9999,-9999,-9999,-9999,-9999
GHCND:USW00013722,RALEIGH DURHAM INTERNATIONAL AIRPORT NC US,20140622,0,0,0,289,200,26,90,80,63,76,-9999,-9999,-9999,-9999,-9999,-9999,-9999
GHCND:USW00013722,RALEIGH DURHAM INTERNATIONAL AIRPORT NC US,20140623,0,0,0,294,183,23,120,120,45,72,-9999,-9999,-9999,-9999,-9999,-9999,-9999
GHCND:USW00013722,RALEIGH DURHAM INTERNATIONAL AIRPORT NC US,20140624,0,0,0,300,183,26,190,190,58,89,-9999,-9999,-9999,-9999,-9999,-9999,-9999
GHCND:USW00013722,RALEIGH DURHAM INTERNATIONAL AIRPORT NC US,20140625,0,0,0,339,228,30,230,260,67,89,-9999,-9999,-9999,-9999,-9999,-9999,-9999
GHCND:USW00013722,RALEIGH DURHAM INTERNATIONAL AIRPORT NC US,20140626,0,0,0,339,206,18,30,20,54,76,-9999,-9999,-9999,-9999,-9999,-9999,-9999
GHCND:USW00013722,RALEIGH DURHAM INTERNATIONAL AIRPORT NC US,20140627,224,0,0,294,211,22,90,90,94,112,-9999,-9999,-9999,-9999,-9999,-9999,-9999
GHCND:USW00013722,RALEIGH DURHAM INTERNATIONAL AIRPORT NC US,20140628,0,0,0,294,206,38,90,90,76,98,-9999,1,-9999,-9999,-9999,-9999,-9999
GHCND:USW00013722,RALEIGH DURHAM INTERNATIONAL AIRPORT NC US,20140629,0,0,0,294,156,17,40,110,40,72,-9999,-9999,-9999,-9999,-9999,-9999,-9999
GHCND:USW00013722,RALEIGH DURHAM INTERNATIONAL AIRPORT NC US,20140630,0,0,0,322,189,26,230,190,54,76,-9999,-9999,-9999,-9999,-9999,-9999,-9999
GHCND:USW00013722,RALEIGH DURHAM INTERNATIONAL AIRPORT NC US,20140701,0,0,0,339,233,35,170,190,72,94,-9999,-9999,-9999,-9999,-9999,-9999,-9999
GHCND:USW00013722,RALEIGH DURHAM INTERNATIONAL AIRPORT NC US,20140702,0,0,0,361,244,44,190,200,76,98,-9999,-9999,-9999,-9999,-9999,-9999,-9999
GHCND:USW00013722,RALEIGH DURHAM INTERNATIONAL AIRPORT NC US,20140703,0,0,0,322,233,31,180,200,49,81,-9999,1,-9999,-9999,-9999,-9999,-9999
GHCND:USW00013722,RALEIGH DURHAM INTERNATIONAL AIRPORT NC US,20140704,0,0,0,311,217,27,260,340,54,94,-9999,-9999,-9999,-9999,-9999,-9999,-9999
GHCND:USW00013722,RALEIGH DURHAM INTERNATIONAL AIRPORT NC US,20140705,0,0,0,283,161,22,50,80,67,81,-9999,-9999,-9999,-9999,-9999,-9999,-9999
GHCND:USW00013722,RALEIGH DURHAM INTERNATIONAL AIRPORT NC US,20140706,0,0,0,322,161,26,240,190,67,76,-9999,-9999,-9999,-9999,-9999,-9999,-9999
GHCND:USW00013722,RALEIGH DURHAM INTERNATIONAL AIRPORT NC US,20140707,0,0,0,356,194,47,230,230,89,134,-9999,-9999,-9999,-9999,-9999,-9999,-9999
GHCND:USW00013722,RALEIGH DURHAM INTERNATIONAL AIRPORT NC US,20140708,0,0,0,367,233,53,230,230,103,134,-9999,-9999,-9999,-9999,-9999,-9999,-9999
GHCND:USW00013722,RALEIGH DURHAM INTERNATIONAL AIRPORT NC US,20140709,5,0,0,356,233,31,240,220,107,143,-9999,-9999,-9999,-9999,-9999,-9999,-9999
GHCND:USW00013722,RALEIGH DURHAM INTERNATIONAL AIRPORT NC US,20140710,168,0,0,311,217,23,120,110,76,94,-9999,-9999,-9999,-9999,-9999,-9999,-9999
GHCND:USW00013722,RALEIGH DURHAM INTERNATIONAL AIRPORT NC US,20140711,0,0,0,300,206,11,110,120,40,67,-9999,1,-9999,-9999,-9999,-9999,-9999
GHCND:USW00013722,RALEIGH DURHAM INTERNATIONAL AIRPORT NC US,20140712,0,0,0,322,189,15,160,200,45,72,-9999,-9999,-9999,-9999,-9999,-9999,-9999
GHCND:USW00013722,RALEIGH DURHAM INTERNATIONAL AIRPORT NC US,20140713,0,0,0,344,217,32,180,190,67,89,-9999,1,-9999,-9999,-9999,-9999,-9999
GHCND:USW00013722,RALEIGH DURHAM INTERNATIONAL AIRPORT NC US,20140714,0,0,0,367,239,43,190,270,67,98,-9999,-9999,-9999,-9999,-9999,-9999,1
GHCND:USW00013722,RALEIGH DURHAM INTERNATIONAL AIRPORT NC US,20140715,1069,0,0,344,211,34,230,330,76,107,-9999,-9999,-9999,-9999,-9999,-9999,-9999
GHCND:USW00013722,RALEIGH DURHAM INTERNATIONAL AIRPORT NC US,20140716,0,0,0,267,178,14,30,30,63,81,-9999,1,-9999,-9999,-9999,-9999,-9999
GHCND:USW00013722,RALEIGH DURHAM INTERNATIONAL AIRPORT NC US,20140717,0,0,0,289,156,10,350,40,36,63,-9999,-9999,-9999,-9999,-9999,-9999,-9999
GHCND:USW00013722,RALEIGH DURHAM INTERNATIONAL AIRPORT NC US,20140718,0,0,0,300,178,26,100,140,67,81,-9999,-9999,-9999,-9999,-9999,-9999,-9999
GHCND:USW00013722,RALEIGH DURHAM INTERNATIONAL AIRPORT NC US,20140719,0,0,0,278,189,19,50,120,63,76,-9999,-9999,-9999,-9999,-9999,-9999,-9999
GHCND:USW00013722,RALEIGH DURHAM INTERNATIONAL AIRPORT NC US,20140720,236,0,0,272,200,18,100,130,40,58,-9999,1,-9999,-9999,-9999,-9999,-9999
GHCND:USW00013722,RALEIGH DURHAM INTERNATIONAL AIRPORT NC US,20140721,295,0,0,261,228,12,120,140,54,76,-9999,-9999,-9999,-9999,-9999,-9999,-9999
GHCND:USW00013722,RALEIGH DURHAM INTERNATIONAL AIRPORT NC US,20140722,0,0,0,294,222,17,80,120,40,63,-9999,-9999,-9999,-9999,-9999,-9999,-9999
GHCND:USW00013722,RALEIGH DURHAM INTERNATIONAL AIRPORT NC US,20140723,0,0,0,333,217,25,210,220,76,103,-9999,-9999,-9999,-9999,-9999,-9999,-9999
GHCND:USW00013722,RALEIGH DURHAM INTERNATIONAL AIRPORT NC US,20140724,368,0,0,311,200,24,10,10,98,139,-9999,-9999,-9999,-9999,-9999,-9999,-9999
GHCND:USW00013722,RALEIGH DURHAM INTERNATIONAL AIRPORT NC US,20140725,0,0,0,283,189,15,80,140,40,76,-9999,1,-9999,-9999,-9999,-9999,-9999
GHCND:USW00013722,RALEIGH DURHAM INTERNATIONAL AIRPORT NC US,20140726,0,0,0,322,206,14,220,240,54,67,-9999,-9999,-9999,-9999,-9999,-9999,-9999
GHCND:USW00013722,RALEIGH DURHAM INTERNATIONAL AIRPORT NC US,20140727,114,0,0,306,222,34,230,230,94,112,-9999,-9999,-9999,-9999,-9999,-9999,-9999
GHCND:USW00013722,RALEIGH DURHAM INTERNATIONAL AIRPORT NC US,20140728,0,0,0,311,211,29,270,270,81,116,-9999,-9999,-9999,-9999,-9999,-9999,-9999
GHCND:USW00013722,RALEIGH DURHAM INTERNATIONAL AIRPORT NC US,20140729,0,0,0,278,172,9,50,60,45,67,-9999,-9999,-9999,-9999,-9999,-9999,-9999
GHCND:USW00013722,RALEIGH DURHAM INTERNATIONAL AIRPORT NC US,20140730,0,0,0,272,172,19,80,130,58,81,-9999,-9999,-9999,-9999,-9999,-9999,1
GHCND:USW00013722,RALEIGH DURHAM INTERNATIONAL AIRPORT NC US,20140731,20,0,0,278,189,12,120,90,40,63,-9999,1,-9999,-9999,-9999,-9999,-9999
GHCND:USW00013722,RALEIGH DURHAM INTERNATIONAL AIRPORT NC US,20140801,180,0,0,244,183,33,80,90,89,107,-9999,1,-9999,-9999,-9999,-9999,-9999
GHCND:USW00013722,RALEIGH DURHAM INTERNATIONAL AIRPORT NC US,20140802,20,0,0,211,178,15,50,80,54,63,-9999,1,-9999,-9999,-9999,-9999,-9999
GHCND:USW00013722,RALEIGH DURHAM INTERNATIONAL AIRPORT NC US,20140803,0,0,0,267,194,6,120,140,45,54,-9999,1,-9999,-9999,-9999,-9999,-9999
GHCND:USW00013722,RALEIGH DURHAM INTERNATIONAL AIRPORT NC US,20140804,0,0,0,294,200,10,40,30,54,67,-9999,-9999,-9999,-9999,-9999,-9999,-9999
GHCND:USW00013722,RALEIGH DURHAM INTERNATIONAL AIRPORT NC US,20140805,0,0,0,311,200,11,50,40,54,72,-9999,-9999,-9999,-9999,-9999,-9999,-9999
GHCND:USW00013722,RALEIGH DURHAM INTERNATIONAL AIRPORT NC US,20140806,0,0,0,322,211,15,260,260,67,81,-9999,-9999,-9999,-9999,-9999,-9999,-9999
GHCND:USW00013722,RALEIGH DURHAM INTERNATIONAL AIRPORT NC US,20140807,0,0,0,300,206,20,50,60,54,67,-9999,-9999,-9999,-9999,-9999,-9999,-9999
GHCND:USW00013722,RALEIGH DURHAM INTERNATIONAL AIRPORT NC US,20140808,0,0,0,272,206,16,120,120,54,58,-9999,-9999,-9999,-9999,-9999,-9999,-9999
GHCND:USW00013722,RALEIGH DURHAM INTERNATIONAL AIRPORT NC US,20140809,257,0,0,233,178,25,90,130,58,94,-9999,1,-9999,-9999,-9999,-9999,-9999
GHCND:USW00013722,RALEIGH DURHAM INTERNATIONAL AIRPORT NC US,20140810,142,0,0,272,189,30,100,110,67,94,-9999,1,-9999,-9999,-9999,-9999,-9999
GHCND:USW00013722,RALEIGH DURHAM INTERNATIONAL AIRPORT NC US,20140811,79,0,0,289,211,30,170,170,67,89,-9999,1,-9999,-9999,-9999,-9999,-9999
GHCND:USW00013722,RALEIGH DURHAM INTERNATIONAL AIRPORT NC US,20140812,622,0,0,306,211,22,230,240,103,125,-9999,-9999,-9999,-9999,-9999,-9999,-9999
GHCND:USW00013722,RALEIGH DURHAM INTERNATIONAL AIRPORT NC US,20140813,0,0,0,278,194,17,290,280,58,94,-9999,-9999,-9999,-9999,-9999,-9999,-9999
GHCND:USW00013722,RALEIGH DURHAM INTERNATIONAL AIRPORT NC US,20140814,0,0,0,283,144,13,240,240,54,67,-9999,1,-9999,-9999,-9999,-9999,-9999
GHCND:USW00013722,RALEIGH DURHAM INTERNATIONAL AIRPORT NC US,20140815,0,0,0,300,161,12,220,270,54,76,-9999,-9999,-9999,-9999,-9999,-9999,-9999
GHCND:USW00013722,RALEIGH DURHAM INTERNATIONAL AIRPORT NC US,20140816,0,0,0,317,200,15,220,210,54,63,-9999,-9999,-9999,-9999,-9999,-9999,-9999
GHCND:USW00013722,RALEIGH DURHAM INTERNATIONAL AIRPORT NC US,20140817,0,0,0,317,211,10,250,260,40,54,-9999,1,-9999,-9999,-9999,-9999,-9999
GHCND:USW00013722,RALEIGH DURHAM INTERNATIONAL AIRPORT NC US,20140818,155,0,0,311,211,15,280,290,89,148,-9999,-9999,-9999,-9999,-9999,-9999,-9999
GHCND:USW00013722,RALEIGH DURHAM INTERNATIONAL AIRPORT NC US,20140819,0,0,0,300,206,11,220,-9999,36,-9999,-9999,1,-9999,-9999,-9999,-9999,-9999
GHCND:USW00013722,RALEIGH DURHAM INTERNATIONAL AIRPORT NC US,20140820,269,0,0,322,211,10,300,320,139,259,-9999,-9999,-9999,-9999,-9999,-9999,-9999
GHCND:USW00013722,RALEIGH DURHAM INTERNATIONAL AIRPORT NC US,20140821,0,0,0,328,217,10,270,260,40,58,-9999,1,-9999,-9999,-9999,-9999,-9999
GHCND:USW00013722,RALEIGH DURHAM INTERNATIONAL AIRPORT NC US,20140822,0,0,0,333,217,10,250,270,63,89,-9999,-9999,-9999,-9999,-9999,-9999,-9999
GHCND:USW00013722,RALEIGH DURHAM INTERNATIONAL AIRPORT NC US,20140823,3,0,0,289,222,25,80,90,63,76,-9999,-9999,-9999,-9999,-9999,-9999,-9999
GHCND:USW00013722,RALEIGH DURHAM INTERNATIONAL AIRPORT NC US,20140824,0,0,0,272,172,39,40,90,72,98,-9999,-9999,-9999,-9999,-9999,-9999,-9999
GHCND:USW00013722,RALEIGH DURHAM INTERNATIONAL AIRPORT NC US,20140825,0,0,0,261,156,29,40,50,72,98,-9999,-9999,-9999,-9999,-9999,-9999,-9999
GHCND:USW00013722,RALEIGH DURHAM INTERNATIONAL AIRPORT NC US,20140826,0,0,0,278,156,20,50,50,63,76,-9999,-9999,-9999,-9999,-9999,-9999,-9999
GHCND:USW00013722,RALEIGH DURHAM INTERNATIONAL AIRPORT NC US,20140827,0,0,0,300,144,15,50,40,54,72,-9999,1,-9999,-9999,-9999,-9999,-9999
GHCND:USW00013722,RALEIGH DURHAM INTERNATIONAL AIRPORT NC US,20140828,0,0,0,333,183,6,60,320,40,54,-9999,-9999,-9999,-9999,-9999,-9999,-9999
GHCND:USW00013722,RALEIGH DURHAM INTERNATIONAL AIRPORT NC US,20140829,18,0,0,278,222,28,70,100,54,76,-9999,-9999,-9999,-9999,-9999,-9999,-9999
GHCND:USW00013722,RALEIGH DURHAM INTERNATIONAL AIRPORT NC US,20140830,0,0,0,317,222,22,190,190,54,67,-9999,-9999,-9999,-9999,-9999,-9999,-9999
GHCND:USW00013722,RALEIGH DURHAM INTERNATIONAL AIRPORT NC US,20140831,0,0,0,328,228,29,230,220,54,89,-9999,-9999,-9999,-9999,-9999,-9999,-9999
GHCND:USW00013722,RALEIGH DURHAM INTERNATIONAL AIRPORT NC US,20140901,0,0,0,339,228,21,230,270,58,72,-9999,-9999,-9999,-9999,-9999,-9999,-9999
GHCND:USW00013722,RALEIGH DURHAM INTERNATIONAL AIRPORT NC US,20140902,0,0,0,356,217,33,210,200,107,148,-9999,-9999,-9999,-9999,-9999,-9999,1
GHCND:USW00013722,RALEIGH DURHAM INTERNATIONAL AIRPORT NC US,20140903,0,0,0,339,217,22,170,180,76,107,-9999,1,-9999,-9999,-9999,-9999,1
GHCND:USW00013722,RALEIGH DURHAM INTERNATIONAL AIRPORT NC US,20140904,300,0,0,322,217,17,220,210,107,134,-9999,1,-9999,-9999,-9999,1,1
GHCND:USW00013722,RALEIGH DURHAM INTERNATIONAL AIRPORT NC US,20140905,0,0,0,328,217,17,240,180,54,63,-9999,1,-9999,-9999,-9999,-9999,-9999
GHCND:USW00013722,RALEIGH DURHAM INTERNATIONAL AIRPORT NC US,20140906,0,0,0,328,217,25,180,190,58,81,-9999,-9999,-9999,-9999,-9999,-9999,-9999
GHCND:USW00013722,RALEIGH DURHAM INTERNATIONAL AIRPORT NC US,20140907,0,0,0,256,211,32,60,80,72,94,-9999,1,-9999,-9999,-9999,-9999,-9999
GHCND:USW00013722,RALEIGH DURHAM INTERNATIONAL AIRPORT NC US,20140908,264,0,0,228,200,37,40,40,72,107,-9999,1,-9999,-9999,-9999,-9999,-9999
GHCND:USW00013722,RALEIGH DURHAM INTERNATIONAL AIRPORT NC US,20140909,8,0,0,244,189,23,30,40,58,76,-9999,1,-9999,-9999,-9999,-9999,-9999
GHCND:USW00013722,RALEIGH DURHAM INTERNATIONAL AIRPORT NC US,20140910,0,0,0,272,200,9,110,-9999,27,-9999,-9999,-9999,-9999,-9999,-9999,-9999,-9999
GHCND:USW00013722,RALEIGH DURHAM INTERNATIONAL AIRPORT NC US,20140911,23,0,0,311,194,25,230,230,89,103,-9999,1,-9999,-9999,-9999,-9999,1
GHCND:USW00013722,RALEIGH DURHAM INTERNATIONAL AIRPORT NC US,20140912,3,0,0,267,211,25,80,90,58,76,-9999,1,-9999,-9999,-9999,-9999,-9999
GHCND:USW00013722,RALEIGH DURHAM INTERNATIONAL AIRPORT NC US,20140913,5,0,0,267,206,24,30,50,63,81,-9999,1,-9999,1,-9999,-9999,-9999
GHCND:USW00013722,RALEIGH DURHAM INTERNATIONAL AIRPORT NC US,20140914,8,0,0,217,167,28,50,40,76,116,-9999,-9999,-9999,-9999,-9999,-9999,-9999
GHCND:USW00013722,RALEIGH DURHAM INTERNATIONAL AIRPORT NC US,20140915,0,0,0,239,172,12,210,160,36,63,-9999,1,-9999,-9999,-9999,-9999,-9999
GHCND:USW00013722,RALEIGH DURHAM INTERNATIONAL AIRPORT NC US,20140916,3,0,0,283,194,14,40,100,45,103,-9999,1,-9999,-9999,-9999,1,-9999
GHCND:USW00013722,RALEIGH DURHAM INTERNATIONAL AIRPORT NC US,20140917,0,0,0,261,189,27,90,110,58,81,-9999,-9999,-9999,-9999,-9999,-9999,-9999
GHCND:USW00013722,RALEIGH DURHAM INTERNATIONAL AIRPORT NC US,20140918,3,0,0,272,150,15,50,130,45,81,-9999,1,-9999,-9999,-9999,-9999,-9999
GHCND:USW00013722,RALEIGH DURHAM INTERNATIONAL AIRPORT NC US,20140919,0,0,0,267,172,31,80,130,72,107,-9999,-9999,-9999,-9999,-9999,-9999,-9999
GHCND:USW00013722,RALEIGH DURHAM INTERNATIONAL AIRPORT NC US,20140920,0,0,0,272,144,26,40,40,63,76,-9999,-9999,-9999,-9999,-9999,-9999,-9999
GHCND:USW00013722,RALEIGH DURHAM INTERNATIONAL AIRPORT NC US,20140921,30,0,0,306,172,28,230,220,67,94,-9999,1,-9999,-9999,-9999,-9999,-9999
GHCND:USW00013722,RALEIGH DURHAM INTERNATIONAL AIRPORT NC US,20140922,0,0,0,244,161,12,30,340,58,76,-9999,1,-9999,-9999,-9999,-9999,-9999
GHCND:USW00013722,RALEIGH DURHAM INTERNATIONAL AIRPORT NC US,20140923,38,0,0,178,128,35,50,40,76,103,-9999,1,-9999,-9999,-9999,-9999,-9999
GHCND:USW00013722,RALEIGH DURHAM INTERNATIONAL AIRPORT NC US,20140924,808,0,0,178,128,43,30,40,76,112,-9999,1,-9999,-9999,-9999,-9999,-9999
GHCND:USW00013722,RALEIGH DURHAM INTERNATIONAL AIRPORT NC US,20140925,8,0,0,200,172,33,30,30,58,81,-9999,1,-9999,-9999,-9999,-9999,-9999
GHCND:USW00013722,RALEIGH DURHAM INTERNATIONAL AIRPORT NC US,20140926,0,0,0,244,150,24,40,60,63,81,-9999,1,-9999,-9999,-9999,-9999,-9999
GHCND:USW00013722,RALEIGH DURHAM INTERNATIONAL AIRPORT NC US,20140927,0,0,0,244,128,17,40,80,58,76,-9999,1,-9999,-9999,-9999,-9999,-9999
GHCND:USW00013722,RALEIGH DURHAM INTERNATIONAL AIRPORT NC US,20140928,0,0,0,261,122,6,80,50,36,54,-9999,1,-9999,-9999,-9999,-9999,-9999
GHCND:USW00013722,RALEIGH DURHAM INTERNATIONAL AIRPORT NC US,20140929,3,0,0,228,178,5,280,280,31,40,-9999,1,-9999,-9999,-9999,-9999,-9999
GHCND:USW00013722,RALEIGH DURHAM INTERNATIONAL AIRPORT NC US,20140930,0,0,0,239,150,6,90,100,31,58,-9999,1,-9999,1,-9999,1,-9999
GHCND:USW00013722,RALEIGH DURHAM INTERNATIONAL AIRPORT NC US,20141001,0,0,0,261,133,4,40,30,36,58,-9999,1,-9999,1,-9999,1,-9999
GHCND:USW00013722,RALEIGH DURHAM INTERNATIONAL AIRPORT NC US,20141002,0,0,0,289,150,13,60,120,54,76,-9999,1,-9999,-9999,-9999,1,-9999
GHCND:USW00013722,RALEIGH DURHAM INTERNATIONAL AIRPORT NC US,20141003,23,0,0,294,183,35,220,220,89,107,-9999,1,-9999,-9999,-9999,1,1
GHCND:USW00013722,RALEIGH DURHAM INTERNATIONAL AIRPORT NC US,20141004,0,0,0,228,83,33,290,290,63,94,-9999,-9999,-9999,-9999,-9999,-9999,1
GHCND:USW00013722,RALEIGH DURHAM INTERNATIONAL AIRPORT NC US,20141005,0,0,0,189,50,14,220,280,45,98,-9999,-9999,-9999,-9999,-9999,-9999,-9999
GHCND:USW00013722,RALEIGH DURHAM INTERNATIONAL AIRPORT NC US,20141006,0,0,0,244,72,36,210,220,89,107,-9999,-9999,-9999,-9999,-9999,-9999,-9999
GHCND:USW00013722,RALEIGH DURHAM INTERNATIONAL AIRPORT NC US,20141007,0,0,0,267,128,42,200,190,76,116,-9999,-9999,-9999,-9999,-9999,-9999,-9999
GHCND:USW00013722,RALEIGH DURHAM INTERNATIONAL AIRPORT NC US,20141008,0,0,0,283,156,23,240,250,67,89,-9999,-9999,-9999,-9999,-9999,-9999,-9999
GHCND:USW00013722,RALEIGH DURHAM INTERNATIONAL AIRPORT NC US,20141009,0,0,0,261,106,12,170,170,45,58,-9999,-9999,-9999,-9999,-9999,-9999,-9999
GHCND:USW00013722,RALEIGH DURHAM INTERNATIONAL AIRPORT NC US,20141010,160,0,0,289,144,36,220,10,76,125,-9999,1,-9999,-9999,-9999,-9999,1
GHCND:USW00013722,RALEIGH DURHAM INTERNATIONAL AIRPORT NC US,20141011,56,0,0,300,144,42,240,230,72,107,-9999,1,-9999,-9999,-9999,-9999,-9999
GHCND:USW00013722,RALEIGH DURHAM INTERNATIONAL AIRPORT NC US,20141012,5,0,0,167,139,25,40,30,63,76,-9999,1,-9999,-9999,-9999,-9999,-9999
GHCND:USW00013722,RALEIGH DURHAM INTERNATIONAL AIRPORT NC US,20141013,0,0,0,272,156,18,150,150,54,67,-9999,1,-9999,-9999,-9999,-9999,-9999
GHCND:USW00013722,RALEIGH DURHAM INTERNATIONAL AIRPORT NC US,20141014,107,0,0,261,211,46,140,150,107,134,-9999,1,-9999,-9999,-9999,-9999,-9999
GHCND:USW00013722,RALEIGH DURHAM INTERNATIONAL AIRPORT NC US,20141015,157,0,0,239,139,30,170,170,81,112,-9999,1,-9999,-9999,-9999,-9999,-9999
GHCND:USW00013722,RALEIGH DURHAM INTERNATIONAL AIRPORT NC US,20141016,0,0,0,222,117,20,240,230,58,76,-9999,-9999,-9999,-9999,-9999,-9999,-9999
GHCND:USW00013722,RALEIGH DURHAM INTERNATIONAL AIRPORT NC US,20141017,0,0,0,233,94,19,230,230,67,112,-9999,-9999,-9999,-9999,-9999,-9999,-9999
GHCND:USW00013722,RALEIGH DURHAM INTERNATIONAL AIRPORT NC US,20141018,0,0,0,239,117,19,320,320,63,98,-9999,-9999,-9999,-9999,-9999,-9999,-9999
GHCND:USW00013722,RALEIGH DURHAM INTERNATIONAL AIRPORT NC US,20141019,0,0,0,183,67,13,10,10,58,89,-9999,-9999,-9999,-9999,-9999,-9999,-9999
GHCND:USW00013722,RALEIGH DURHAM INTERNATIONAL AIRPORT NC US,20141020,0,0,0,217,50,19,230,230,72,98,-9999,-9999,-9999,-9999,-9999,-9999,-9999
GHCND:USW00013722,RALEIGH DURHAM INTERNATIONAL AIRPORT NC US,20141021,0,0,0,233,106,18,330,300,63,103,-9999,-9999,-9999,-9999,-9999,-9999,-9999
GHCND:USW00013722,RALEIGH DURHAM INTERNATIONAL AIRPORT NC US,20141022,0,0,0,194,89,27,290,10,67,107,-9999,-9999,-9999,-9999,-9999,-9999,-9999
GHCND:USW00013722,RALEIGH DURHAM INTERNATIONAL AIRPORT NC US,20141023,0,0,0,211,56,19,290,270,58,94,-9999,-9999,-9999,-9999,-9999,-9999,-9999
GHCND:USW00013722,RALEIGH DURHAM INTERNATIONAL AIRPORT NC US,20141024,0,0,0,211,61,9,230,230,40,58,-9999,-9999,-9999,-9999,-9999,-9999,-9999
GHCND:USW00013722,RALEIGH DURHAM INTERNATIONAL AIRPORT NC US,20141025,0,0,0,217,39,12,220,90,40,58,-9999,1,-9999,-9999,-9999,-9999,-9999
GHCND:USW00013722,RALEIGH DURHAM INTERNATIONAL AIRPORT NC US,20141026,0,0,0,244,72,20,280,280,72,98,-9999,-9999,-9999,-9999,-9999,-9999,-9999
GHCND:USW00013722,RALEIGH DURHAM INTERNATIONAL AIRPORT NC US,20141027,0,0,0,244,44,7,180,120,40,67,-9999,-9999,-9999,-9999,-9999,-9999,-9999
GHCND:USW00013722,RALEIGH DURHAM INTERNATIONAL AIRPORT NC US,20141028,0,0,0,289,100,26,220,230,67,94,-9999,-9999,-9999,-9999,-9999,-9999,-9999
GHCND:USW00013722,RALEIGH DURHAM INTERNATIONAL AIRPORT NC US,20141029,46,0,0,256,128,35,240,220,89,112,-9999,1,-9999,-9999,-9999,-9999,-9999
GHCND:USW00013722,RALEIGH DURHAM INTERNATIONAL AIRPORT NC US,20141030,0,0,0,194,83,15,40,30,45,67,-9999,-9999,-9999,-9999,-9999,-9999,-9999
GHCND:USW00013722,RALEIGH DURHAM INTERNATIONAL AIRPORT NC US,20141031,0,0,0,167,56,23,90,80,58,72,-9999,-9999,-9999,-9999,-9999,-9999,-9999
GHCND:USW00013722,RALEIGH DURHAM INTERNATIONAL AIRPORT NC US,20141101,155,0,0,106,72,38,20,10,81,125,-9999,1,-9999,-9999,-9999,-9999,-9999
GHCND:USW00013722,RALEIGH DURHAM INTERNATIONAL AIRPORT NC US,20141102,0,0,0,117,28,30,330,300,76,125,-9999,-9999,-9999,-9999,-9999,-9999,-9999
GHCND:USW00013722,RALEIGH DURHAM INTERNATIONAL AIRPORT NC US,20141103,0,0,0,178,-16,15,230,230,58,67,-9999,-9999,-9999,-9999,-9999,-9999,-9999
GHCND:USW00013722,RALEIGH DURHAM INTERNATIONAL AIRPORT NC US,20141104,0,0,0,189,44,30,230,240,72,94,-9999,-9999,-9999,-9999,-9999,-9999,-9999
GHCND:USW00013722,RALEIGH DURHAM INTERNATIONAL AIRPORT NC US,20141105,0,0,0,217,83,27,240,250,58,72,-9999,-9999,-9999,-9999,-9999,-9999,-9999
GHCND:USW00013722,RALEIGH DURHAM INTERNATIONAL AIRPORT NC US,20141106,53,0,0,200,100,48,230,310,98,161,-9999,1,-9999,-9999,-9999,-9999,-9999
GHCND:USW00013722,RALEIGH DURHAM INTERNATIONAL AIRPORT NC US,20141107,0,0,0,156,33,18,290,310,72,107,-9999,-9999,-9999,-9999,-9999,-9999,-9999
GHCND:USW00013722,RALEIGH DURHAM INTERNATIONAL AIRPORT NC US,20141108,0,0,0,156,-5,13,230,220,58,94,-9999,-9999,-9999,-9999,-9999,-9999,-9999
GHCND:USW00013722,RALEIGH DURHAM INTERNATIONAL AIRPORT NC US,20141109,0,0,0,156,44,3,30,140,31,45,-9999,1,-9999,-9999,-9999,-9999,-9999
GHCND:USW00013722,RALEIGH DURHAM INTERNATIONAL AIRPORT NC US,20141110,0,0,0,189,17,11,90,100,58,72,-9999,1,-9999,-9999,-9999,-9999,-9999
GHCND:USW00013722,RALEIGH DURHAM INTERNATIONAL AIRPORT NC US,20141111,0,0,0,222,72,17,40,40,58,72,-9999,1,-9999,1,-9999,1,-9999
GHCND:USW00013722,RALEIGH DURHAM INTERNATIONAL AIRPORT NC US,20141112,0,0,0,244,100,14,300,300,40,58,-9999,1,-9999,1,-9999,-9999,-9999
GHCND:USW00013722,RALEIGH DURHAM INTERNATIONAL AIRPORT NC US,20141113,0,0,0,150,67,33,50,80,63,89,-9999,-9999,-9999,-9999,-9999,-9999,-9999
GHCND:USW00013722,RALEIGH DURHAM INTERNATIONAL AIRPORT NC US,20141114,0,0,0,67,-16,24,40,20,63,89,-9999,1,-9999,-9999,-9999,-9999,-9999
GHCND:USW00013722,RALEIGH DURHAM INTERNATIONAL AIRPORT NC US,20141115,0,0,0,78,-38,8,40,70,36,58,-9999,-9999,-9999,-9999,-9999,-9999,-9999
GHCND:USW00013722,RALEIGH DURHAM INTERNATIONAL AIRPORT NC US,20141116,10,0,0,94,-27,8,90,130,31,54,-9999,1,-9999,-9999,-9999,-9999,-9999
GHCND:USW00013722,RALEIGH DURHAM INTERNATIONAL AIRPORT NC US,20141117,109,0,0,194,61,42,210,220,112,143,-9999,1,-9999,1,-9999,1,1
GHCND:USW00013722,RALEIGH DURHAM INTERNATIONAL AIRPORT NC US,20141118,0,0,0,61,-49,25,270,310,63,94,-9999,-9999,-9999,-9999,-9999,-9999,-9999
GHCND:USW00013722,RALEIGH DURHAM INTERNATIONAL AIRPORT NC US,20141119,0,0,0,61,-71,26,220,170,72,98,-9999,-9999,-9999,-9999,-9999,-9999,-9999
GHCND:USW00013722,RALEIGH DURHAM INTERNATIONAL AIRPORT NC US,20141120,0,0,0,150,-21,33,240,250,94,134,-9999,-9999,-9999,-9999,-9999,-9999,-9999
GHCND:USW00013722,RALEIGH DURHAM INTERNATIONAL AIRPORT NC US,20141121,0,0,0,89,-32,16,350,10,58,94,-9999,-9999,-9999,-9999,-9999,-9999,-9999
GHCND:USW00013722,RALEIGH DURHAM INTERNATIONAL AIRPORT NC US,20141122,0,0,0,122,-55,8,220,210,40,72,-9999,-9999,-9999,-9999,-9999,-9999,-9999
GHCND:USW00013722,RALEIGH DURHAM INTERNATIONAL AIRPORT NC US,20141123,163,0,0,189,11,21,170,160,98,134,-9999,1,-9999,-9999,-9999,-9999,-9999
GHCND:USW00013722,RALEIGH DURHAM INTERNATIONAL AIRPORT NC US,20141124,3,0,0,222,156,59,230,230,112,148,-9999,-9999,-9999,-9999,-9999,-9999,1
GHCND:USW00013722,RALEIGH DURHAM INTERNATIONAL AIRPORT NC US,20141125,25,0,0,183,89,24,220,220,72,94,-9999,1,-9999,-9999,-9999,1,-9999
GHCND:USW00013722,RALEIGH DURHAM INTERNATIONAL AIRPORT NC US,20141126,429,0,0,100,17,30,30,40,103,165,-9999,1,-9999,1,-9999,-9999,-9999
GHCND:USW00013722,RALEIGH DURHAM INTERNATIONAL AIRPORT NC US,20141127,13,0,0,83,17,19,320,310,54,81,-9999,1,-9999,-9999,-9999,-9999,-9999
GHCND:USW00013722,RALEIGH DURHAM INTERNATIONAL AIRPORT NC US,20141128,0,0,0,72,-32,11,360,340,54,81,-9999,-9999,-9999,-9999,-9999,-9999,-9999
GHCND:USW00013722,RALEIGH DURHAM INTERNATIONAL AIRPORT NC US,20141129,0,0,0,122,-27,26,220,210,72,89,-9999,-9999,-9999,-9999,-9999,-9999,-9999
GHCND:USW00013722,RALEIGH DURHAM INTERNATIONAL AIRPORT NC US,20141130,0,0,0,189,22,39,230,240,103,139,-9999,-9999,-9999,-9999,-9999,-9999,-9999
GHCND:USW00013722,RALEIGH DURHAM INTERNATIONAL AIRPORT NC US,20141201,0,0,0,233,67,27,210,230,58,67,-9999,-9999,-9999,-9999,-9999,-9999,-9999
GHCND:USW00013722,RALEIGH DURHAM INTERNATIONAL AIRPORT NC US,20141202,0,0,0,128,78,29,50,50,81,112,-9999,1,-9999,-9999,-9999,-9999,-9999
GHCND:USW00013722,RALEIGH DURHAM INTERNATIONAL AIRPORT NC US,20141203,0,0,0,139,67,19,220,220,67,81,-9999,1,-9999,1,-9999,-9999,-9999
GHCND:USW00013722,RALEIGH DURHAM INTERNATIONAL AIRPORT NC US,20141204,0,0,0,122,44,28,90,80,81,76,-9999,1,-9999,1,-9999,-9999,-9999
GHCND:USW00013722,RALEIGH DURHAM INTERNATIONAL AIRPORT NC US,20141205,0,0,0,111,44,11,90,50,36,45,-9999,-9999,-9999,-9999,-9999,-9999,-9999
GHCND:USW00013722,RALEIGH DURHAM INTERNATIONAL AIRPORT NC US,20141206,41,0,0,133,78,16,20,30,72,139,-9999,1,-9999,-9999,-9999,-9999,-9999
GHCND:USW00013722,RALEIGH DURHAM INTERNATIONAL AIRPORT NC US,20141207,0,0,0,117,17,58,40,40,107,165,-9999,-9999,-9999,-9999,-9999,-9999,-9999
GHCND:USW00013722,RALEIGH DURHAM INTERNATIONAL AIRPORT NC US,20141208,33,0,0,72,11,38,30,30,76,107,-9999,1,-9999,-9999,-9999,-9999,-9999
GHCND:USW00013722,RALEIGH DURHAM INTERNATIONAL AIRPORT NC US,20141209,127,0,0,72,17,16,340,320,40,76,-9999,1,-9999,-9999,-9999,-9999,-9999
GHCND:USW00013722,RALEIGH DURHAM INTERNATIONAL AIRPORT NC US,20141210,0,0,0,100,-5,24,300,310,67,107,-9999,-9999,-9999,-9999,-9999,-9999,-9999
GHCND:USW00013722,RALEIGH DURHAM INTERNATIONAL AIRPORT NC US,20141211,0,0,0,89,-32,24,250,260,67,94,-9999,-9999,-9999,-9999,-9999,-9999,-9999
GHCND:USW00013722,RALEIGH DURHAM INTERNATIONAL AIRPORT NC US,20141212,0,0,0,139,-32,16,300,280,67,94,-9999,-9999,-9999,-9999,-9999,-9999,-9999
GHCND:USW00013722,RALEIGH DURHAM INTERNATIONAL AIRPORT NC US,20141213,0,0,0,156,-21,7,310,300,40,67,-9999,-9999,-9999,-9999,-9999,-9999,-9999
GHCND:USW00013722,RALEIGH DURHAM INTERNATIONAL AIRPORT NC US,20141214,0,0,0,144,-16,6,30,30,45,67,-9999,-9999,-9999,-9999,-9999,-9999,-9999
GHCND:USW00013722,RALEIGH DURHAM INTERNATIONAL AIRPORT NC US,20141215,0,0,0,156,-10,7,90,130,54,67,-9999,-9999,-9999,-9999,-9999,-9999,-9999
GHCND:USW00013722,RALEIGH DURHAM INTERNATIONAL AIRPORT NC US,20141216,81,0,0,111,28,14,200,180,45,63,-9999,1,-9999,-9999,-9999,1,-9999
GHCND:USW00013722,RALEIGH DURHAM INTERNATIONAL AIRPORT NC US,20141217,0,0,0,156,39,16,250,230,58,72,-9999,-9999,-9999,-9999,-9999,-9999,-9999
GHCND:USW00013722,RALEIGH DURHAM INTERNATIONAL AIRPORT NC US,20141218,0,0,0,106,-5,5,30,30,40,58,-9999,-9999,-9999,-9999,-9999,-9999,-9999
GHCND:USW00013722,RALEIGH DURHAM INTERNATIONAL AIRPORT NC US,20141219,0,0,0,111,22,9,280,30,40,63,-9999,-9999,-9999,-9999,-9999,-9999,-9999
GHCND:USW00013722,RALEIGH DURHAM INTERNATIONAL AIRPORT NC US,20141220,18,0,0,39,-5,13,60,50,58,72,-9999,1,-9999,-9999,1,-9999,-9999
GHCND:USW00013722,RALEIGH DURHAM INTERNATIONAL AIRPORT NC US,20141221,0,0,0,100,33,18,80,80,45,58,-9999,1,-9999,-9999,-9999,-9999,-9999
GHCND:USW00013722,RALEIGH DURHAM INTERNATIONAL AIRPORT NC US,20141222,102,0,0,50,22,30,50,50,63,81,-9999,1,-9999,1,-9999,-9999,-9999
GHCND:USW00013722,RALEIGH DURHAM INTERNATIONAL AIRPORT NC US,20141223,229,0,0,83,28,11,90,100,40,58,-9999,1,-9999,1,-9999,-9999,1
GHCND:USW00013722,RALEIGH DURHAM INTERNATIONAL AIRPORT NC US,20141224,434,0,0,189,78,33,230,190,81,112,-9999,1,-9999,1,-9999,-9999,-9999
GHCND:USW00013722,RALEIGH DURHAM INTERNATIONAL AIRPORT NC US,20141225,8,0,0,178,17,26,240,270,76,107,-9999,1,-9999,-9999,-9999,-9999,-9999
GHCND:USW00013722,RALEIGH DURHAM INTERNATIONAL AIRPORT NC US,20141226,0,0,0,144,-10,7,220,230,54,63,-9999,1,-9999,-9999,-9999,-9999,-9999
GHCND:USW00013722,RALEIGH DURHAM INTERNATIONAL AIRPORT NC US,20141227,0,0,0,167,-5,14,230,240,54,72,-9999,1,-9999,-9999,-9999,1,-9999
GHCND:USW00013722,RALEIGH DURHAM INTERNATIONAL AIRPORT NC US,20141228,3,0,0,161,89,30,230,230,67,89,-9999,1,-9999,1,-9999,-9999,-9999
GHCND:USW00013722,RALEIGH DURHAM INTERNATIONAL AIRPORT NC US,20141229,183,0,0,128,50,30,30,50,54,72,-9999,1,-9999,1,-9999,-9999,-9999
GHCND:USW00013722,RALEIGH DURHAM INTERNATIONAL AIRPORT NC US,20141230,5,0,0,50,-21,26,40,40,76,107,-9999,1,-9999,-9999,-9999,-9999,-9999
GHCND:USW00013722,RALEIGH DURHAM INTERNATIONAL AIRPORT NC US,20141231,0,0,0,78,-32,6,50,270,40,67,-9999,1,-9999,-9999,-9999,-9999,-9999
